Date,Open,High,Low,Close
Jun 15 2021,40516.28,41330,39506.4,40144.04
Jun 16 2021,40143.8,40527.14,38116.01,38349.01
Jun 17 2021,38349,39559.88,37365,38092.97
Jun 18 2021,38092.97,38202.84,35129.29,35819.84
Jun 19 2021,35820.48,36457,34803.52,35483.72
Jun 20 2021,35483.72,36137.72,33336,35600.16
Jun 21 2021,35600.17,35750,31251.23,31608.93
Jun 22 2021,31614.12,33298.78,28805,32509.56
Jun 23 2021,32509.56,34881,31683,33678.07
Jun 24 2021,33675.07,35298,32286.57,34663.09
Jun 25 2021,34663.08,35500,31275,31584.45
Jun 26 2021,31576.09,32730,30151,32283.65
Jun 27 2021,32283.65,34749,31973.45,34700.34
Jun 28 2021,34702.49,35297.71,33862.72,34494.89
Jun 29 2021,34494.89,36600,34225.43,35911.73
Jun 30 2021,35911.72,36100,34017.55,35045
Jul 1 2021,35045,35057.57,32711,33504.69
Jul 2 2021,33502.33,33977.04,32699,33786.55
Jul 3 2021,33786.54,34945.61,33316.73,34669.13
Jul 4 2021,34669.12,35967.85,34357.15,35286.51
Jul 5 2021,35288.13,35293.78,33125.55,33690.14
Jul 6 2021,33690.15,35118.88,33532,34220.01
Jul 7 2021,34220.02,35059.09,33777.77,33862.12
Jul 8 2021,33862.11,33929.64,32077,32875.71
Jul 9 2021,32875.71,34100,32261.07,33815.81
Jul 10 2021,33815.81,34262,33004.78,33502.87
Jul 11 2021,33502.87,34666,33306.47,34258.99
Jul 12 2021,34259,34678.43,32658.34,33086.63
Jul 13 2021,33086.94,33340,32202.25,32729.77
Jul 14 2021,32729.12,33114.03,31550,32820.02
Jul 15 2021,32820.03,33185.25,31133,31880
Jul 16 2021,31874.49,32249.18,31020,31383.87
Jul 17 2021,31383.86,31955.92,31164.31,31520.07
Jul 18 2021,31520.07,32435,31108.97,31778.56
Jul 19 2021,31778.57,31899,30407.44,30839.65
Jul 20 2021,30839.65,31063.07,29278,29790.35
Jul 21 2021,29790.34,32858,29482.61,32144.51
Jul 22 2021,32144.51,32591.35,31708,32287.83
Jul 23 2021,32287.58,33650,31924.32,33634.09
Jul 24 2021,33634.1,34500,33401.14,34258.14
Jul 25 2021,34261.51,35398,33851.12,35381.02
Jul 26 2021,35381.02,40550,35205.78,37237.6
Jul 27 2021,37241.33,39542.61,36383,39457.87
Jul 28 2021,39456.61,40900,38772,40019.56
Jul 29 2021,40019.57,40640,39200,40016.48
Jul 30 2021,40018.49,42316.71,38313.23,42206.37
Jul 31 2021,42206.36,42448,41000.15,41461.83
Aug 1 2021,41461.84,42599,39422.01,39845.44
Aug 2 2021,39850.27,40480.01,38690,39147.82
Aug 3 2021,39146.86,39780,37642.03,38207.05
Aug 4 2021,38207.04,39969.66,37508.56,39723.18
Aug 5 2021,39723.17,41350,37332.7,40862.46
Aug 6 2021,40862.46,43392.43,39853.86,42836.87
Aug 7 2021,42836.87,44700,42446.41,44572.54
Aug 8 2021,44572.54,45310,43261,43794.37
Aug 9 2021,43794.36,46454.15,42779,46253.4
Aug 10 2021,46248.87,46700,44589.46,45584.99
Aug 11 2021,45585,46743.47,45341.14,45511
Aug 12 2021,45510.67,46218.12,43770,44399
Aug 13 2021,44400.06,47886,44217.39,47800
Aug 14 2021,47799.99,48144,45971.03,47068.51
Aug 15 2021,47068.5,47372.27,45500,46973.82
Aug 16 2021,46973.82,48053.83,45660,45901.29
Aug 17 2021,45901.3,47160,44376,44695.95
Aug 18 2021,44695.95,46000,44203.28,44705.29
Aug 19 2021,44699.37,47033,43927.7,46760.62
Aug 20 2021,46760.62,49382.99,46622.99,49322.47
Aug 21 2021,49322.47,49757.04,48222,48821.87
Aug 22 2021,48821.88,49500,48050,49239.22
Aug 23 2021,49239.22,50500,49029,49488.85
Aug 24 2021,49488.85,49860,47600,47674.01
Aug 25 2021,47674.01,49264.3,47126.28,48973.32
Aug 26 2021,48973.32,49352.84,46250,46843.87
Aug 27 2021,46843.86,49149.93,46348,49069.9
Aug 28 2021,49069.9,49299,48346.88,48895.35
Aug 29 2021,48895.35,49632.27,47762.54,48767.83
Aug 30 2021,48767.84,48888.61,46853,46982.91
Aug 31 2021,46982.91,48246.11,46700,47100.89
Sep 1 2021,47100.89,49156,46512,48810.52
Sep 2 2021,48810.51,50450.13,48584.06,49246.64
Sep 3 2021,49246.63,51000,48316.84,49999.14
Sep 4 2021,49998,50535.69,49370,49915.64
Sep 5 2021,49917.54,51900,49450,51756.88
Sep 6 2021,51756.88,52780,50969.33,52663.9
Sep 7 2021,52666.2,52920,42843.05,46863.73
Sep 8 2021,46868.57,47340.99,44412.02,46048.31
Sep 9 2021,46048.31,47399.97,45513.08,46395.14
Sep 10 2021,46395.14,47033,44132.29,44850.91
Sep 11 2021,44842.2,45987.93,44722.22,45173.69
Sep 12 2021,45173.68,46460,44742.06,46025.24
Sep 13 2021,46025.23,46880,43370,44940.73
Sep 14 2021,44940.72,47250,44594.44,47111.52
Sep 15 2021,47103.28,48500,46682.32,48121.41
Sep 16 2021,48121.4,48557,47021.1,47737.82
Sep 17 2021,47737.81,48150,46699.56,47299.98
Sep 18 2021,47299.98,48843.2,47035.56,48292.74
Sep 19 2021,48292.75,48372.83,46829.18,47241.75
Sep 20 2021,47241.75,47347.25,42500,43015.62
Sep 21 2021,43016.64,43639,39600,40734.38
Sep 22 2021,40734.09,44000.55,40565.39,43543.61
Sep 23 2021,43546.37,44978,43069.09,44865.26
Sep 24 2021,44865.26,45200,40675,42810.57
Sep 25 2021,42810.58,42966.84,41646.28,42670.64
Sep 26 2021,42670.63,43950,40750,43160.9
Sep 27 2021,43160.9,44350,42098,42147.35
Sep 28 2021,42147.35,42787.38,40888,41026.54
Sep 29 2021,41025.01,42590,40753.88,41524.28
Sep 30 2021,41524.29,44141.37,41410.17,43824.1
Oct 1 2021,43820.01,48495,43283.03,48141.61
Oct 2 2021,48141.6,48336.59,47430.18,47634.9
Oct 3 2021,47634.89,49228.08,47088,48200.01
Oct 4 2021,48200.01,49536.12,46891,49224.94
Oct 5 2021,49224.93,51886.3,49022.4,51471.99
Oct 6 2021,51471.99,55750,50382.41,55315
Oct 7 2021,55315,55332.31,53357,53785.22
Oct 8 2021,53785.22,56100,53617.61,53951.43
Oct 9 2021,53955.67,55489,53661.67,54949.72
Oct 10 2021,54949.72,56561.31,54080,54659
Oct 11 2021,54659.01,57839.04,54415.06,57471.35
Oct 12 2021,57471.35,57680,53879,55996.93
Oct 13 2021,55996.91,57777,54167.19,57367
Oct 14 2021,57370.83,58532.54,56818.05,57347.94
Oct 15 2021,57347.94,62933,56850,61672.42
Oct 16 2021,61672.42,62378.42,60150,60875.57
Oct 17 2021,60875.57,61718.39,58963,61528.33
Oct 18 2021,61528.32,62695.78,59844.45,62009.84
Oct 19 2021,62005.6,64486,61322.22,64280.59
Oct 20 2021,64280.59,67000,63481.4,66001.41
Oct 21 2021,66001.4,66639.74,62000,62193.15
Oct 22 2021,62193.15,63732.39,60000,60688.22
Oct 23 2021,60688.23,61747.64,59562.15,61286.75
Oct 24 2021,61286.75,61500,59510.63,60852.22
Oct 25 2021,60852.22,63710.63,60650,63078.78
Oct 26 2021,63078.78,63293.48,59817.55,60328.81
Oct 27 2021,60328.81,61496,58000,58413.44
Oct 28 2021,58413.44,62499,57820,60575.89
Oct 29 2021,60575.9,62980,60174.81,62253.71
Oct 30 2021,62253.7,62359.25,60673,61859.19
Oct 31 2021,61859.19,62405.3,59945.36,61299.8
Nov 1 2021,61299.81,62437.74,59405,60911.11
Nov 2 2021,60911.12,64270,60624.68,63219.99
Nov 3 2021,63220.57,63500,60382.76,62896.48
Nov 4 2021,62896.49,63086.31,60677.01,61395.01
Nov 5 2021,61395.01,62595.72,60721,60937.12
Nov 6 2021,60940.18,61560.49,60050,61470.61
Nov 7 2021,61470.62,63286.35,61322.78,63273.59
Nov 8 2021,63273.58,67789,63273.58,67525.83
Nov 9 2021,67525.82,68524.25,66222.4,66947.66
Nov 10 2021,66947.67,69000,62822.9,64882.43
Nov 11 2021,64882.42,65600.07,64100,64774.26
Nov 12 2021,64774.25,65450.7,62278,64122.23
Nov 13 2021,64122.22,65000,63360.22,64380
Nov 14 2021,64380.01,65550.51,63576.27,65519.1
Nov 15 2021,65519.11,66401.82,63400,63606.74
Nov 16 2021,63606.73,63617.31,58574.07,60058.87
Nov 17 2021,60058.87,60840.23,58373,60344.87
Nov 18 2021,60344.86,60976,56474.26,56891.62
Nov 19 2021,56891.62,58320,55600,58052.24
Nov 20 2021,58057.1,59845,57353,59707.51
Nov 21 2021,59707.52,60029.76,58486.65,58622.02
Nov 22 2021,58617.7,59444,55610,56247.18
Nov 23 2021,56243.83,58009.99,55317,57541.27
Nov 24 2021,57541.26,57735,55837,57138.29
Nov 25 2021,57138.29,59398.9,57000,58960.36
Nov 26 2021,58960.37,59150,53500,53726.53
Nov 27 2021,53723.72,55280,53610,54721.03
Nov 28 2021,54716.47,57445.05,53256.64,57274.88
Nov 29 2021,57274.89,58865.97,56666.67,57776.25
Nov 30 2021,57776.25,59176.99,55875.55,56950.56
Dec 1 2021,56950.56,59053.55,56458.01,57184.07
Dec 2 2021,57184.07,57375.47,55777.77,56480.34
Dec 3 2021,56484.26,57600,51680,53601.05
Dec 4 2021,53601.05,53859.1,42000.3,49152.47
Dec 5 2021,49152.46,49699.05,47727.21,49396.33
Dec 6 2021,49396.32,50891.11,47100,50441.92
Dec 7 2021,50441.91,51936.33,50039.74,50588.95
Dec 8 2021,50588.95,51200,48600,50471.19
Dec 9 2021,50471.19,50797.76,47320,47545.59
Dec 10 2021,47535.9,50125,46852,47140.54
Dec 11 2021,47140.54,49485.71,46751,49389.99
Dec 12 2021,49389.99,50777,48638,50053.9
Dec 13 2021,50053.9,50189.97,45672.75,46702.75
Dec 14 2021,46702.76,48700.41,46290,48343.28
Dec 15 2021,48336.95,49500,46547,48864.98
Dec 16 2021,48864.98,49436.43,47511,47632.38
Dec 17 2021,47632.38,47995.96,45456,46131.2
Dec 18 2021,46133.83,47392.37,45500,46834.48
Dec 19 2021,46834.47,48300.01,46406.91,46681.23
Dec 20 2021,46681.24,47537.57,45558.85,46914.16
Dec 21 2021,46914.17,49328.96,46630,48889.88
Dec 22 2021,48887.59,49576.13,48421.87,48588.16
Dec 23 2021,48588.17,51375,47920.42,50838.81
Dec 24 2021,50838.82,51810,50384.43,50820
Dec 25 2021,50819.99,51156.23,50142.32,50399.66
Dec 26 2021,50399.67,51280,49412,50775.49
Dec 27 2021,50775.48,52088,50449,50701.44
Dec 28 2021,50701.44,50704.05,47313.01,47543.74
Dec 29 2021,47543.74,48139.08,46096.99,46464.66
Dec 30 2021,46464.66,47900,45900,47120.87
Dec 31 2021,47120.88,48548.26,45678,46216.93
Jan 1 2022,46216.93,47954.63,46208.37,47722.65
Jan 2 2022,47722.66,47990,46654,47286.18
Jan 3 2022,47286.18,47570,45696,46446.1
Jan 4 2022,46446.1,47557.54,45500,45832.01
Jan 5 2022,45832.01,47070,42500,43451.13
Jan 6 2022,43451.14,43816,42430.58,43082.31
Jan 7 2022,43082.3,43145.83,40610,41566.48
Jan 8 2022,41566.48,42300,40501,41679.74
Jan 9 2022,41679.74,42786.7,41200.02,41864.62
Jan 10 2022,41864.62,42248.5,39650,41822.49
Jan 11 2022,41822.49,43100,41268.93,42729.29
Jan 12 2022,42729.29,44322,42450,43902.66
Jan 13 2022,43902.65,44500,42311.22,42560.11
Jan 14 2022,42558.35,43448.78,41725.95,43059.96
Jan 15 2022,43059.96,43800,42555,43084.29
Jan 16 2022,43084.29,43475,42581.79,43071.66
Jan 17 2022,43071.66,43176.18,41540.42,42201.62
Jan 18 2022,42201.63,42691,41250,42352.12
Jan 19 2022,42352.12,42559.13,41138.56,41660.01
Jan 20 2022,41660,43505,40553.31,40680.91
Jan 21 2022,40680.92,41100,35440.45,36445.31
Jan 22 2022,36445.31,36835.22,34008,35071.42
Jan 23 2022,35071.42,36499,34601.01,36244.55
Jan 24 2022,36244.55,37550,32917.17,36660.35
Jan 25 2022,36660.35,37545.14,35701,36958.32
Jan 26 2022,36958.32,38919.98,36234.63,36809.34
Jan 27 2022,36807.24,37234.47,35507.01,37160.1
Jan 28 2022,37160.11,38000,36155.01,37716.56
Jan 29 2022,37716.57,38720.74,37268.44,38166.84
Jan 30 2022,38166.83,38359.26,37351.63,37881.76
Jan 31 2022,37881.75,38744,36632.61,38466.9
Feb 1 2022,38466.9,39265.2,38000,38694.59
Feb 2 2022,38694.59,38855.92,36586.95,36896.36
Feb 3 2022,36896.37,37387,36250,37311.61
Feb 4 2022,37311.98,41772.33,37026.73,41574.25
Feb 5 2022,41571.7,41913.69,40843.01,41382.59
Feb 6 2022,41382.6,42656,41116.56,42380.87
Feb 7 2022,42380.87,44500.5,41645.85,43839.99
Feb 8 2022,43839.99,45492,42666,44042.99
Feb 9 2022,44043,44799,43117.92,44372.72
Feb 10 2022,44372.71,45821,43174.01,43495.44
Feb 11 2022,43495.44,43920,41938.51,42373.73
Feb 12 2022,42373.73,43079.49,41688.88,42217.87
Feb 13 2022,42217.87,42760,41870,42053.66
Feb 14 2022,42053.65,42842.4,41550.56,42535.94
Feb 15 2022,42535.94,44751.4,42427.03,44544.86
Feb 16 2022,44544.85,44549.97,43307,43873.56
Feb 17 2022,43873.56,44164.71,40073.21,40515.7
Feb 18 2022,40515.71,40959.88,39450,39974.44
Feb 19 2022,39974.45,40444.32,39639.03,40079.17
Feb 20 2022,40079.17,40125.44,38000,38386.89
Feb 21 2022,38386.89,39494.35,36800,37008.16
Feb 22 2022,37008.16,38429,36350,38230.33
Feb 23 2022,38230.33,39249.93,37036.79,37250.01
Feb 24 2022,37250.02,39843,34322.28,38327.21
Feb 25 2022,38328.68,39683.53,38014.37,39219.17
Feb 26 2022,39219.16,40348.45,38573.18,39116.72
Feb 27 2022,39116.73,39855.7,37000,37699.07
Feb 28 2022,37699.08,44225.84,37450.17,43160
Mar 1 2022,43160,44949,42809.98,44421.2
Mar 2 2022,44421.2,45400,43334.09,43892.98
Mar 3 2022,43892.99,44101.12,41832.28,42454
Mar 4 2022,42454,42527.3,38550,39148.66
Mar 5 2022,39148.65,39613.24,38407.59,39397.96
Mar 6 2022,39397.97,39693.87,38088.57,38420.81
Mar 7 2022,38420.8,39547.57,37155,37988
Mar 8 2022,37988.01,39362.08,37867.65,38730.63
Mar 9 2022,38730.63,42594.06,38656.45,41941.71
Mar 10 2022,41941.7,42039.63,38539.73,39422
Mar 11 2022,39422.01,40236.26,38223.6,38729.57
Mar 12 2022,38729.57,39486.71,38660.52,38807.36
Mar 13 2022,38807.35,39310,37578.51,37777.34
Mar 14 2022,37777.35,39947.12,37555,39671.37
Mar 15 2022,39671.37,39887.61,38098.33,39280.33
Mar 16 2022,39280.33,41718,38828.48,41114
Mar 17 2022,41114.01,41478.82,40500,40917.9
Mar 18 2022,40917.89,42325.02,40135.04,41757.51
Mar 19 2022,41757.51,42400,41499.29,42201.13
Mar 20 2022,42201.13,42296.26,40911,41262.11
Mar 21 2022,41262.11,41544.22,40467.94,41002.25
Mar 22 2022,41002.26,43361,40875.51,42364.13
Mar 23 2022,42364.13,43025.96,41751.47,42882.76
Mar 24 2022,42882.76,44220.89,42560.46,43991.46
Mar 25 2022,43991.46,45094.14,43579,44313.16
Mar 26 2022,44313.16,44792.99,44071.97,44511.27
Mar 27 2022,44511.27,46999,44421.46,46827.76
Mar 28 2022,46827.76,48189.84,46663.56,47122.21
Mar 29 2022,47122.21,48096.47,46950.85,47434.8
Mar 30 2022,47434.79,47700.22,46445.42,47067.99
Mar 31 2022,47067.99,47600,45200,45510.34
Apr 1 2022,45510.35,46720.09,44200,46283.49
Apr 2 2022,46283.49,47213,45620,45811
Apr 3 2022,45810.99,47444.11,45530.92,46407.35
Apr 4 2022,46407.36,46890.71,45118,46580.51
Apr 5 2022,46580.5,47200,45353.81,45497.55
Apr 6 2022,45497.54,45507.14,43121,43170.47
Apr 7 2022,43170.47,43900.99,42727.35,43444.19
Apr 8 2022,43444.2,43970.62,42107.14,42252.01
Apr 9 2022,42252.02,42800,42125.48,42753.97
Apr 10 2022,42753.96,43410.3,41868,42158.85
Apr 11 2022,42158.85,42414.71,39200,39530.45
Apr 12 2022,39530.45,40699,39254.63,40074.94
Apr 13 2022,40074.95,41561.31,39588.54,41147.79
Apr 14 2022,41147.78,41500,39551.94,39942.38
Apr 15 2022,39942.37,40870.36,39766.4,40551.9
Apr 16 2022,40551.9,40709.35,39991.55,40378.71
Apr 17 2022,40378.7,40595.67,39546.17,39678.12
Apr 18 2022,39678.11,41116.73,38536.51,40801.13
Apr 19 2022,40801.13,41760,40571,41493.18
Apr 20 2022,41493.19,42199,40820,41358.19
Apr 21 2022,41358.19,42976,39751,40480.01
Apr 22 2022,40480.01,40795.06,39177,39709.18
Apr 23 2022,39709.19,39980,39285,39441.6
Apr 24 2022,39441.61,39940,38929.62,39450.13
Apr 25 2022,39450.12,40616,38200,40426.08
Apr 26 2022,40426.08,40797.31,37702.26,38112.65
Apr 27 2022,38112.64,39474.72,37881.31,39235.72
Apr 28 2022,39235.72,40372.63,38881.43,39742.07
Apr 29 2022,39742.06,39925.25,38175,38596.11
Apr 30 2022,38596.11,38795.38,37578.2,37630.8
May 1 2022,37630.8,38675,37386.38,38468.35
May 2 2022,38468.35,39167.34,38052,38525.16
May 3 2022,38525.16,38651.51,37517.8,37728.95
May 4 2022,37728.95,40023.77,37670,39690
May 5 2022,39690,39845.51,35571.9,36552.97
May 6 2022,36552.97,36675.63,35258,36013.77
May 7 2022,36013.77,36146.3,34785,35472.39
May 8 2022,35472.4,35514.22,33713.95,34038.4
May 9 2022,34038.39,34243.15,30033.33,30076.31
May 10 2022,30074.23,32658.99,29730.4,31017.1
May 11 2022,31017.11,32162.59,27785,29103.94
May 12 2022,29103.94,30243,26700,29029.75
May 13 2022,29029.74,31083.37,28751.67,29287.05
May 14 2022,29287.05,30343.27,28630,30086.74
May 15 2022,30086.74,31460,29480,31328.89
May 16 2022,31328.89,31328.9,29087.04,29874.01
May 17 2022,29874.01,30788.37,29450.38,30444.93
May 18 2022,30444.93,30709.99,28654.47,28715.32
May 19 2022,28715.33,30545.18,28691.38,30319.23
May 20 2022,30319.22,30777.33,28730,29201.01
May 21 2022,29201.01,29656.18,28947.28,29445.06
May 22 2022,29445.07,30487.99,29255.11,30293.94
May 23 2022,30293.93,30670.51,28866.35,29109.15
May 24 2022,29109.14,29845.86,28669,29654.58
May 25 2022,29654.58,30223.74,29294.21,29542.15
May 26 2022,29542.14,29886.64,28019.56,29201.35
May 27 2022,29201.35,29397.66,28282.9,28629.8
May 28 2022,28629.81,29266,28450,29031.33
May 29 2022,29031.33,29587.78,28839.21,29468.1
May 30 2022,29468.1,32222,29299.62,31734.22
May 31 2022,31734.23,32399,31200.01,31801.04
Jun 1 2022,31801.05,31982.97,29301,29805.83
Jun 2 2022,29805.84,30689,29594.55,30452.62
Jun 3 2022,30452.63,30699,29282.36,29700.21
Jun 4 2022,29700.21,29988.88,29485,29864.04
Jun 5 2022,29864.03,30189,29531.42,29919.21
Jun 6 2022,29919.2,31765.64,29890.23,31373.1
Jun 7 2022,31373.1,31589.6,29218.96,31125.33
Jun 8 2022,31125.32,31327.22,29843.88,30204.77
Jun 9 2022,30204.77,30700,29944.1,30109.93
Jun 10 2022,30109.93,30382.8,28850,29091.88
Jun 11 2022,29091.87,29440.41,28099.99,28424.7
Jun 12 2022,28424.71,28544.96,26560,26574.53
Jun 13 2022,26574.53,26895.84,21925.77,22487.41
Jun 14 2022,22485.27,23362.88,20846,22136.41
Jun 15 2022,22136.42,22800,20111.62,22583.72
Jun 16 2022,22583.72,22995.73,20232,20401.31
Jun 17 2022,20400.6,21365.43,20246.66,20468.81
Jun 18 2022,20468.81,20792.06,17622,18970.79
Jun 19 2022,18970.79,20815.95,17960.41,20574
Jun 20 2022,20574,21090,19637.03,20573.89
Jun 21 2022,20573.9,21723,20348.4,20723.52
Jun 22 2022,20723.51,20900,19770.51,19987.99
Jun 23 2022,19988,21233,19890.07,21110.13
Jun 24 2022,21110.12,21558.41,20736.72,21237.69
Jun 25 2022,21237.68,21614.5,20906.62,21491.19
Jun 26 2022,21491.18,21888,20964.73,21038.07
Jun 27 2022,21038.08,21539.85,20510,20742.56
Jun 28 2022,20742.57,21212.1,20202.01,20281.29
Jun 29 2022,20281.28,20432.31,19854.92,20123.01
Jun 30 2022,20123,20179.08,18626,19942.21
Jul 1 2022,19942.21,20918.35,18975,19279.8
Jul 2 2022,19279.8,19467.39,18977.01,19252.81
Jul 3 2022,19252.82,19647.63,18781,19315.83
Jul 4 2022,19315.83,20354.01,19055.31,20236.71
Jul 5 2022,20236.71,20750,19304.4,20175.83
Jul 6 2022,20175.84,20675.22,19761.25,20564.51
Jul 7 2022,20564.51,21838.1,20251.68,21624.98
Jul 8 2022,21624.99,22527.37,21189.26,21594.75
Jul 9 2022,21594.75,21980,21322.12,21591.83
Jul 10 2022,21592.15,21607.65,20655,20862.47
Jul 11 2022,20861.11,20868.48,19875.23,19963.61
Jul 12 2022,19963.61,20059.42,19240,19328.75
Jul 13 2022,19331.28,20366.61,18910.94,20234.87
Jul 14 2022,20234.87,20900,19616.07,20588.84
Jul 15 2022,20588.84,21200,20382.29,20830.04
Jul 16 2022,20830.04,21588.94,20478.61,21195.6
Jul 17 2022,21195.6,21684.54,20750.01,20798.16
Jul 18 2022,20799.58,22777.63,20762.45,22432.58
Jul 19 2022,22432.58,23800,21579.54,23396.62
Jul 20 2022,23398.48,24276.74,22906.19,23223.3
Jul 21 2022,23223.3,23442.77,22341.46,23152.19
Jul 22 2022,23152.19,23756.49,22500,22684.83
Jul 23 2022,22684.83,23000.77,21934.57,22451.07
Jul 24 2022,22448.58,23014.64,22257.15,22579.68
Jul 25 2022,22577.13,22666,21250,21310.9
Jul 26 2022,21310.9,21347.82,20706.5,21254.67
Jul 27 2022,21254.67,23112.63,21042.53,22952.45
Jul 28 2022,22954.31,24199.72,22582.13,23842.93
Jul 29 2022,23845.25,24442.66,23414.03,23773.75
Jul 30 2022,23777.28,24668,23502.25,23643.51
Jul 31 2022,23644.64,24194.82,23227.31,23293.32
Aug 1 2022,23296.36,23509.68,22850,23268.01
Aug 2 2022,23266.9,23459.89,22654.37,22987.79
Aug 3 2022,22985.93,23647.68,22681.22,22818.37
Aug 4 2022,22816.91,23223.32,22400,22622.98
Aug 5 2022,22622.41,23472.86,22586.95,23312.42
Aug 6 2022,23313.56,23354.36,22909.52,22954.21
Aug 7 2022,22954.21,23402,22844.62,23174.39
Aug 8 2022,23174.39,24245,23154.25,23810
Aug 9 2022,23810.98,23933.25,22865,23149.95
Aug 10 2022,23151.32,24226,22664.69,23954.05
Aug 11 2022,23954.05,24918.54,23852.13,23934.39
Aug 12 2022,23933.09,24456.5,23583,24403.68
Aug 13 2022,24401.7,24888,24291.22,24441.38
Aug 14 2022,24443.06,25047.56,24144,24305.24
Aug 15 2022,24305.25,25211.32,23773.22,24094.82
Aug 16 2022,24093.04,24247.49,23671.22,23854.74
Aug 17 2022,23856.15,24446.71,23180.4,23342.66
Aug 18 2022,23342.66,23600,23111.04,23191.2
Aug 19 2022,23191.45,23208.67,20783.57,20834.39
Aug 20 2022,20834.39,21382.85,20761.9,21140.07
Aug 21 2022,21140.07,21800,21069.11,21515.61
Aug 22 2022,21516.7,21548.71,20890.18,21399.83
Aug 23 2022,21400.75,21684.87,20890.14,21529.12
Aug 24 2022,21529.11,21900,21145,21368.08
Aug 25 2022,21368.05,21819.88,21310.15,21559.04
Aug 26 2022,21559.04,21886.77,20107.9,20241.05
Aug 27 2022,20239.14,20402.93,19800,20037.6
Aug 28 2022,20037.6,20171.18,19520,19555.61
Aug 29 2022,19555.61,20433.62,19550.79,20285.73
Aug 30 2022,20287.2,20576.25,19540,19811.66
Aug 31 2022,19813.03,20490,19797.94,20050.02
Sep 1 2022,20048.44,20208.37,19565.66,20131.46
Sep 2 2022,20132.64,20441.26,19755.29,19951.86
Sep 3 2022,19950.98,20055.93,19652.72,19831.9
Sep 4 2022,19832.45,20029.23,19583.1,20000.3
Sep 5 2022,20000.3,20057.27,19633.83,19796.84
Sep 6 2022,19795.34,20180,18649.51,18790.61
Sep 7 2022,18790.61,19464.06,18510.77,19292.84
Sep 8 2022,19292.85,19458.25,19012,19319.77
Sep 9 2022,19320.54,21597.22,19291.75,21360.11
Sep 10 2022,21361.62,21810.8,21111.13,21648.34
Sep 11 2022,21647.21,21860,21350,21826.87
Sep 12 2022,21826.87,22488,21538.51,22395.74
Sep 13 2022,22395.44,22799,19860,20173.57
Sep 14 2022,20173.62,20541.48,19617.62,20226.71
Sep 15 2022,20227.17,20330.24,19497,19701.88
Sep 16 2022,19701.88,19890,19320.01,19803.3
Sep 17 2022,19803.3,20189,19748.08,20113.62
Sep 18 2022,20112.61,20117.26,19335.62,19416.18
Sep 19 2022,19417.45,19686.2,18232.56,19537.02
Sep 20 2022,19537.02,19634.62,18711.87,18875
Sep 21 2022,18874.31,19956,18125.98,18461.36
Sep 22 2022,18461.36,19550.17,18356.39,19401.63
Sep 23 2022,19401.63,19500,18531.42,19289.91
Sep 24 2022,19288.57,19316.14,18805.34,18920.5
Sep 25 2022,18921.99,19180.21,18629.2,18807.38
Sep 26 2022,18809.13,19318.96,18680.72,19227.82
Sep 27 2022,19226.68,20385.86,18816.32,19079.13
Sep 28 2022,19078.1,19790,18471.28,19412.82
Sep 29 2022,19412.82,19645.52,18843.01,19591.51
Sep 30 2022,19590.54,20185,19155.36,19422.61
Oct 1 2022,19422.61,19484,19159.42,19310.95
Oct 2 2022,19312.24,19395.91,18920.35,19056.8
Oct 3 2022,19057.74,19719.1,18959.68,19629.08
Oct 4 2022,19629.08,20475,19490.6,20337.82
Oct 5 2022,20337.82,20365.6,19730,20158.26
Oct 6 2022,20158.26,20456.6,19853,19960.67
Oct 7 2022,19960.67,20068.82,19320,19530.09
Oct 8 2022,19530.09,19627.38,19237.14,19417.96
Oct 9 2022,19416.52,19558,19316.04,19439.02
Oct 10 2022,19439.96,19525,19020.25,19131.87
Oct 11 2022,19131.87,19268.09,18860,19060
Oct 12 2022,19060,19238.31,18965.88,19155.53
Oct 13 2022,19155.1,19513.79,18190,19375.13
Oct 14 2022,19375.58,19951.87,19070.37,19176.93
Oct 15 2022,19176.93,19227.68,18975.18,19069.39
Oct 16 2022,19068.4,19425.84,19063.74,19262.98
Oct 17 2022,19262.98,19676.96,19152.03,19549.86
Oct 18 2022,19548.48,19706.66,19091,19327.44
Oct 19 2022,19327.44,19360.16,19065.97,19123.97
Oct 20 2022,19123.35,19347.82,18900,19041.92
Oct 21 2022,19041.92,19250,18650,19164.37
Oct 22 2022,19164.37,19257,19112.72,19204.35
Oct 23 2022,19204.29,19695,19070.11,19570.4
Oct 24 2022,19570.4,19601.15,19157,19329.72
Oct 25 2022,19330.6,20415.87,19237,20080.07
Oct 26 2022,20079.02,21020,20050.41,20771.59
Oct 27 2022,20771.61,20872.21,20200,20295.11
Oct 28 2022,20295.11,20750,20000.09,20591.84
Oct 29 2022,20591.84,21085,20554.01,20809.67
Oct 30 2022,20809.68,20931.21,20515,20627.48
Oct 31 2022,20627.48,20845.92,20237.95,20490.74
Nov 1 2022,20490.74,20700,20330.74,20483.62
Nov 2 2022,20482.81,20800,20048.04,20151.84
Nov 3 2022,20151.84,20393.32,20031.24,20207.82
Nov 4 2022,20207.12,21302.05,20180.96,21148.52
Nov 5 2022,21148.52,21480.65,21080.65,21299.37
Nov 6 2022,21299.37,21365.27,20886.13,20905.58
Nov 7 2022,20905.58,21069.77,20384.89,20591.13
Nov 8 2022,20590.67,20700.88,17166.83,18547.23
Nov 9 2022,18545.38,18587.76,15588,15922.81
Nov 10 2022,15922.68,18199,15754.26,17601.15
Nov 11 2022,17602.45,17695,16361.6,17070.31
Nov 12 2022,17069.98,17119.1,16631.39,16812.08
Nov 13 2022,16813.16,16954.28,16229,16329.85
Nov 14 2022,16331.78,17190,15815.21,16619.46
Nov 15 2022,16617.72,17134.69,16527.72,16900.57
Nov 16 2022,16900.57,17015.92,16378.61,16662.76
Nov 17 2022,16661.61,16751,16410.74,16692.56
Nov 18 2022,16692.56,17011,16546.04,16700.45
Nov 19 2022,16699.43,16822.41,16553.53,16700.68
Nov 20 2022,16700.68,16753.33,16180,16280.23
Nov 21 2022,16279.5,16319,15476,15781.29
Nov 22 2022,15781.29,16315,15616.63,16226.94
Nov 23 2022,16227.96,16706,16160.2,16603.11
Nov 24 2022,16603.11,16812.63,16458.05,16598.95
Nov 25 2022,16599.55,16666,16342.81,16522.14
Nov 26 2022,16521.35,16701.99,16385,16458.57
Nov 27 2022,16457.61,16600,16401,16428.78
Nov 28 2022,16428.77,16487.04,15995.27,16212.91
Nov 29 2022,16212.18,16548.71,16100,16442.53
Nov 30 2022,16442.91,17249,16428.3,17163.64
Dec 1 2022,17165.53,17324,16855.01,16977.37
Dec 2 2022,16978,17105.73,16787.85,17092.74
Dec 3 2022,17092.13,17188.98,16858.74,16885.2
Dec 4 2022,16885.2,17202.84,16878.25,17105.7
Dec 5 2022,17106.65,17424.25,16867,16966.35
Dec 6 2022,16966.35,17107.01,16906.37,17088.96
Dec 7 2022,17088.96,17142.21,16678.83,16836.64
Dec 8 2022,16836.64,17299,16733.49,17224.1
Dec 9 2022,17224.1,17360,17058.21,17128.56
Dec 10 2022,17128.56,17227.72,17092,17127.49
Dec 11 2022,17127.49,17270.99,17071,17085.05
Dec 12 2022,17085.05,17241.89,16871.85,17209.83
Dec 13 2022,17208.93,18000,17080.14,17774.7
Dec 14 2022,17775.82,18387.95,17660.94,17803.15
Dec 15 2022,17804.01,17854.82,17275.51,17356.34
Dec 16 2022,17356.96,17531.73,16527.32,16632.12
Dec 17 2022,16631.5,16796.82,16579.85,16776.52
Dec 18 2022,16777.54,16863.26,16663.07,16738.21
Dec 19 2022,16739,16815.99,16256.3,16438.88
Dec 20 2022,16438.88,17061.27,16397.2,16895.56
Dec 21 2022,16896.15,16925,16723,16824.67
Dec 22 2022,16824.68,16868.52,16559.85,16821.43
Dec 23 2022,16821.9,16955.14,16731.13,16778.5
Dec 24 2022,16778.52,16869.99,16776.62,16836.12
Dec 25 2022,16835.73,16857.96,16721,16832.11
Dec 26 2022,16832.11,16944.52,16791,16919.39
Dec 27 2022,16919.39,16972.83,16592.37,16706.36
Dec 28 2022,16706.06,16785.19,16465.33,16547.31
Dec 29 2022,16547.32,16664.41,16488.91,16633.47
Dec 30 2022,16633.47,16677.35,16333,16607.48
Dec 31 2022,16607.48,16644.09,16470,16542.4
Jan 1 2023,16541.77,16628,16499.01,16616.75
Jan 2 2023,16617.17,16799.23,16548.7,16672.87
Jan 3 2023,16672.78,16778.4,16605.28,16675.18
Jan 4 2023,16675.65,16991.87,16652.66,16850.36
Jan 5 2023,16850.36,16879.82,16753,16831.85
Jan 6 2023,16831.85,17041,16679,16950.65
Jan 7 2023,16950.31,16981.91,16908,16943.57
Jan 8 2023,16943.83,17176.99,16911,17127.83
Jan 9 2023,17127.83,17398.8,17104.66,17178.26
Jan 10 2023,17179.04,17499,17146.34,17440.66
Jan 11 2023,17440.64,18000,17315.6,17943.26
Jan 12 2023,17943.26,19117.04,17892.05,18846.62
Jan 13 2023,18846.62,20000,18714.12,19930.01
Jan 14 2023,19930.01,21258,19888.05,20954.92
Jan 15 2023,20952.76,21050.74,20551.01,20871.5
Jan 16 2023,20872.99,21474.05,20611.48,21185.65
Jan 17 2023,21185.65,21647.45,20841.31,21134.81
Jan 18 2023,21132.29,21650,20407.15,20677.47
Jan 19 2023,20677.47,21192,20659.19,21071.59
Jan 20 2023,21071.59,22755.93,20861.28,22667.21
Jan 21 2023,22666,23371.8,22422,22783.55
Jan 22 2023,22783.35,23078.71,22292.37,22707.88
Jan 23 2023,22706.02,23180,22500,22916.45
Jan 24 2023,22917.81,23162.2,22462.93,22632.89
Jan 25 2023,22631.94,23816.73,22300,23060.94
Jan 26 2023,23060.42,23282.47,22850.01,23009.65
Jan 27 2023,23009.65,23500,22534.88,23074.16
Jan 28 2023,23074.16,23189,22878.46,23022.6
Jan 29 2023,23021.4,23960.54,22967.76,23742.3
Jan 30 2023,23743.37,23800.51,22500,22826.15
Jan 31 2023,22827.38,23320,22714.77,23125.13
Feb 1 2023,23125.13,23812.66,22760.23,23732.66
Feb 2 2023,23731.41,24255,23363.27,23488.94
Feb 3 2023,23489.33,23715.7,23204.62,23431.9
Feb 4 2023,23431.9,23587.78,23253.96,23326.84
Feb 5 2023,23327.66,23433.33,22743,22932.91
Feb 6 2023,22932.91,23158.25,22628.13,22762.52
Feb 7 2023,22762.52,23350.25,22745.78,23240.46
Feb 8 2023,23242.42,23452,22665.85,22963
Feb 9 2023,22961.85,23011.39,21688,21796.35
Feb 10 2023,21797.83,21938.16,21451,21625.19
Feb 11 2023,21625.19,21906.32,21599.78,21862.55
Feb 12 2023,21862.02,22090,21630,21783.54
Feb 13 2023,21782.37,21894.99,21351.07,21773.97
Feb 14 2023,21774.63,22319.08,21532.77,22199.84
Feb 15 2023,22199.84,24380,22047.28,24324.05
Feb 16 2023,24322.87,25250,23505.25,23517.72
Feb 17 2023,23517.72,25021.11,23339.37,24569.97
Feb 18 2023,24568.24,24877,24430,24631.95
Feb 19 2023,24632.05,25192,24192.57,24271.76
Feb 20 2023,24272.51,25121.23,23840.83,24842.2
Feb 21 2023,24843.89,25250,24148.34,24452.16
Feb 22 2023,24450.67,24476.05,23574.69,24182.21
Feb 23 2023,24182.21,24599.59,23608,23940.2
Feb 24 2023,23940.2,24132.35,22841.19,23185.29
Feb 25 2023,23184.04,23219.13,22722,23157.07
Feb 26 2023,23157.07,23689.99,23059.18,23554.85
Feb 27 2023,23554.85,23897.99,23106.77,23492.09
Feb 28 2023,23492.09,23600,23020.97,23141.57
Mar 1 2023,23141.57,24000,23020.03,23628.97
Mar 2 2023,23629.76,23796.93,23195.9,23465.32
Mar 3 2023,23465.32,23476.95,21971.13,22354.34
Mar 4 2023,22354.34,22410,22157.08,22346.57
Mar 5 2023,22346.57,22662.09,22189.22,22430.24
Mar 6 2023,22430.24,22602.19,22258,22410
Mar 7 2023,22409.41,22557.91,21927,22197.96
Mar 8 2023,22198.56,22287,21580,21705.44
Mar 9 2023,21704.37,21834.99,20042.72,20362.22
Mar 10 2023,20362.21,20367.78,19549.09,20150.69
Mar 11 2023,20150.69,20686.51,19765.03,20455.73
Mar 12 2023,20455.73,22150,20270.6,21997.11
Mar 13 2023,21998.05,24500,21813.88,24113.48
Mar 14 2023,24112.27,26386.87,23976.42,24670.41
Mar 15 2023,24670.41,25196.97,23896.95,24285.66
Mar 16 2023,24285.66,25167.4,24123,24998.78
Mar 17 2023,24998.78,27756.84,24890,27395.13
Mar 18 2023,27395.13,27724.85,26578,26907.49
Mar 19 2023,26907.49,28390.1,26827.22,27972.87
Mar 20 2023,27972.87,28472,27124.47,27717.01
Mar 21 2023,27717.01,28438.55,27303.1,28105.47
Mar 22 2023,28107.81,28868.05,26601.8,27250.97
Mar 23 2023,27250.97,28750,27105,28295.41
Mar 24 2023,28295.42,28374.3,27000,27454.47
Mar 25 2023,27454.46,27787.33,27156.09,27462.95
Mar 26 2023,27462.96,28194.4,27417.76,27968.05
Mar 27 2023,27968.05,28023.86,26508.14,27124.91
Mar 28 2023,27124.9,27520,26631.78,27261.07
Mar 29 2023,27261.06,28650,27240.1,28348.6
Mar 30 2023,28348.6,29184.68,27686,28028.53
Mar 31 2023,28028.53,28656.69,27511.71,28465.36
